ID,Memory
001,0.81263
002,0.15433
003,0.00839
004,0.25674
005,-0.16016
006,-0.34385
007,0.97736
008,0.50574
009,1.23455
010,0.58505
